维护日期,收录日期,事件编号,标题,状态,发布日期,发布标题,经验提取
260731,260723,2,浙江女童性侵案嫌疑人被刑拘,candidate,,,
260731,260723,1,香港女童性侵案亲属伪证获刑,candidate,,,
260731,260722,3,韩国女乘客合力救援大巴,candidate,,,
260731,260722,2,央视点名女性向游戏,candidate,,,
260731,260722,1,乒乓球运动员遭粉丝网暴,candidate,,,
260731,260721,5,邹镇豪性侵华人妇女案终身监禁,candidate,,,
260731,260721,4,6年级女生夏令营遭男生性骚扰,candidate,,,
260731,260721,3,拒追求女子遭泼硫酸捅刺被判死刑,candidate,,,
260731,260721,2,女子家暴逃脱遇假结婚证,candidate,,,
260731,260721,1,新生男孩性别比失衡,candidate,,,
260731,260720,1,黄总邀请事件,candidate,,,
260731,260719,5,清吧女性遭骚扰投毒不予立案,candidate,,,
260731,260719,4,女学生遭刺客行凶被保洁员救下,candidate,,,
260731,260719,3,杭州餐厅陌生男邀女博主包厢,candidate,,,
260731,260719,2,捷运偷拍女生被制止,candidate,,,
260731,260719,1,女孩报警称遭父强暴案翻供,candidate,,,
260731,260718,2,女生遭性侵男友获刑,candidate,,,
260731,260718,1,医疗误诊致女生失明,candidate,,,
260731,260717,4,女顾客餐厅遭骚扰,candidate,,,
260731,260717,3,17岁女生遭前男友性侵,candidate,,,
260731,260717,2,大连工大女生被网暴,candidate,,,
260731,260717,1,21岁女孩家中遇害,candidate,,,
260730,260630,6,被非法绘制色情内容案,candidate,,,
260730,260630,5,陕西女子家暴致死案,candidate,,,
260730,260630,4,被卖女孩改判缓刑案,candidate,,,
260730,260629,1,陕西永寿男子虐待妻子坠崖案已开庭,candidate,,,
260730,260630,3,男子网购下药猥亵多名女性案,candidate,,,
260730,260630,2,女子清吧饮料被投放伟哥,candidate,,,
260730,260630,1,妻子撞死家暴丈夫案二审反转,candidate,,,
260730,260628,3,上海老母亲被骗房产案,candidate,,,
260730,260628,2,江西财经大学PUA暴力案,candidate,,,
260730,260628,1,13岁女孩遭强奸警方失职,candidate,,,
260730,260627,3,被拐妇女申诉获受理,candidate,,,
260730,260627,2,女孩性侵案被撤销,candidate,,,
260730,260627,1,山西幼女性侵案,candidate,,,
260730,260626,2,华坪女高网暴事件,candidate,,,
260730,260626,1,13岁女孩性侵案,candidate,,,
260730,260625,3,山西13岁女孩遭强奸案,candidate,,,
260730,260625,2,非法偷拍APP传播事件,candidate,,,
260730,260625,1,江西财经大学学生权益案,candidate,,,
260730,260624,3,韩国巡警首年男女统招女性合格率升37.8%,candidate,,,
260730,260624,2,APP平台侵犯未成年违法内容,candidate,,,
260730,260624,1,塔利班合法化童婚,candidate,,,
260728,260623,3,男护工猥亵渐冻症女患者案宣判,candidate,,,
260728,260623,2,山西13岁女孩遭强奸警方不予立案,candidate,,,
260728,260623,1,印度男孩性侵女婴案,candidate,,,
260728,260622,3,月经污渍事件女子起诉铁运方,candidate,,,
260728,260622,2,偷拍贩毒APP犯罪内容举报,candidate,,,
260728,260622,1,渐冻症女子遭护工强制猥亵案一审宣判,candidate,,,
260728,260621,2,德国迷奸案华人女性请愿增刑,candidate,,,
260728,260621,1,湖南永州小学生如厕被偷拍案,candidate,,,
260727,260620,2,高考女生家人遭处理,candidate,,,
260727,260620,1,男子护孕妻劝烟遭打,candidate,,,
260727,260619,2,广西艺术学院男生宿舍闯入猥亵事件,candidate,,,
260727,260619,1,邵之霆谋杀案庭审,candidate,,,
260727,260618,,,无事件,,,
260727,260617,2,算法限制女性内容,candidate,,,
260727,260617,1,丈夫出轨被网友识破,candidate,,,
260727,260616,2,老板下药性侵女员工,candidate,,,
260727,260616,1,女儿被杀案追凶,candidate,,,
260727,260615,3,网络威胁杀人事件,candidate,,,
260727,260615,2,被偷拍涉性别贬损,candidate,,,
260727,260615,1,轮休战士制止偷拍,candidate,,,
260726,260614,,,无事件,,,
260726,260613,1,女孩被送素质教育基地失联,candidate,,,
260726,260612,5,性侵受害者自杀丈夫殉情,candidate,,,
260726,260612,4,邵之霆迷奸案审理中,candidate,,,
260726,260612,3,偷拍产业链完整曝光,candidate,,,
260726,260612,2,女生因挡走光遭网暴,candidate,,,
260726,260612,1,女子诽谤案刑事立案,abort,,,
260726,260611,5,虐猫举报人隐私遭泄露,candidate,,,
260726,260611,4,高考女生提议提高性同意年龄,candidate,,,
260726,260611,3,黄文文幼年遭性侵致抑郁自杀,candidate,,,
260726,260611,2,女孩刘洋因男友失误重伤,candidate,,,
260726,260611,1,跨国下药迷奸团伙窝案,candidate,,,
260725,260610,3,高考女生倡议性同意年龄被开盒,candidate,,,
260725,260610,2,12岁少女遭强奸案犯获刑,candidate,,,
260725,260610,1,16岁少女遭性侵案2人获刑,candidate,,,
260725,260609,4,德国迷奸案引国际关注,candidate,,,
260725,260609,3,离婚杀妻案二审将开庭,candidate,,,
260725,260609,2,高考生因性同意年龄发言遭网暴,candidate,,,
260725,260609,1,高校男生女厕偷拍打人被开除,candidate,,,
260725,260607,4,跨国下药迷奸团伙,candidate,,,
260725,260607,3,德国华人多人性侵案,candidate,,,
260725,260607,2,摄影师猥亵未成年案,candidate,,,
260725,260607,1,台湾男子骗保杀妻案,candidate,,,
260725,260430,6,中国留学生杀害女学妹,published,260731,中国留学生泰国杀害泰籍女友后跳楼身亡,待提取
260725,260430,5,班主任猥亵女生轻判,abort,,,
260725,260430,4,香港机场毁损女性作品,abort,,,
260725,260430,3,卧铺事件后续网暴,published,260731,月经弄脏卧铺事件当事人遭长期诽谤，起诉铁路方名誉权纠纷案获法院立案,待提取
260725,260430,2,武大图书馆性骚扰案,review-v1,,,
260725,260430,1,深圳民事纠纷裸检违规,abort,,,
260725,260608,6,摄影师性侵未成年案,candidate,,,
260725,260608,5,英国中学性骚扰事件,candidate,,,
260725,260608,4,太原理工大学性侵案,candidate,,,
260725,260608,3,智能眼镜偷拍空姐事件,candidate,,,
260725,260608,2,中国女孩网暴与开盒事件,candidate,,,
260725,260608,1,荷兰迷奸网络曝光,candidate,,,
260725,260607,,,无事件,,,
260725,260606,1,艺考名师性侵案,candidate,,,
260724,260605,4,加拿大华人偷拍案,review-v2,,,
260724,260605,3,研究生遭造谣与网暴,published,260731,博主污名化中山大学女研究生引发网暴，微博认定博文侵权予以屏蔽,待提取
260724,260605,2,杭州非法生殖技术案,published,260731,杭州非法代孕案追责：现场负责人涉非法经营罪被拘并罚322万元，同伙涉故意伤害罪被拘,待提取
260724,260605,1,德国性侵案被告求情,abort,,,
260724,260604,4,武汉民警性骚扰受害人案,published,260731,武汉民警索贿并性骚扰求助女子，处分决定作出18个月后口头通报受害人,待提取
260724,260604,3,女童出电梯被勒颈抱走,published,260731,湖南洞口男孩在电梯口勒颈抱走同小区女童，社区称系模仿电视情节,待提取
260724,260604,2,女子16岁被卖嫁人逃脱被判重婚,abort,,,
260724,260604,1,女厕偷拍、女生头部受伤,published,260731,河北地质大学男生女厕偷拍被发现后逃离致女生摔伤，校方拟开除学籍,待提取
260724,260603,4,女子16岁被嫁人逃离后被判重婚,abort,,,
260724,260603,3,德国高学历迷奸案柏林审理,abort,,,
260724,260603,2,男子迷奸100多人被判6年,abort,,,
260724,260603,1,云南男子家暴妻子被驳离婚,review-v1,,,
260724,260602,5,女青年被强制送入戒网瘾学校,abort,,,
260724,260602,4,俄罗斯恋童癖绑架女童,staged,,,
260724,260602,3,上海政法大学偷拍事件,abort,,,
260724,260602,2,B站二次元产品色情内容,review-v2,,,
260724,260602,1,健身房男子蓄意伤害女性,abort,,,
260724,260601,7,父母骗女儿入戒网瘾学校强行分手,abort,,,
260723,260108,2,19岁男子与13岁幼女案,published,260724,19岁男子与13岁初中女生发生性关系，以强奸罪判有期徒刑5年6个月,已提取
260723,260108,1,女子酒店房门被刷开,published,260724,女子酒店房间门禁被陌生男子刷开起诉获赔，酒店反诉名誉权索赔35万余元未获处理,已提取
260723,260107,,,无事件,,,
260723,260106,3,职场性骚扰投诉,abort,,,
260723,260106,2,韩国女星自卫反击案,staged,,,
260723,260106,1,高铁男子性骚扰女童,staged,,,
260723,260105,1,韩国女星自卫反被起诉,abort,,,
260722,260104,,,无事件,,,
260722,260103,,,无事件,,,
260722,260102,,,无事件,,,
260722,260101,1,女性逃离逼婚,abort,,,
260722,260703,4,高邮亡人事件杀妻案,staged,,,
260721,260702,2,16岁女子被嫁人逃离生子案二审改判缓刑,published,260724,"贵州女子16岁被""转让""婚配，逃离后再婚生子被判重婚罪，二审改判缓刑六个月",已提取
260721,260702,1,水上乐园男子掀翻女生泳圈骚扰事件,published,260723,上海玛雅海滩水公园十余名男子合围女游客掀翻泳圈，园方称因无处罚权限只能现场劝阻,已提取
260721,260701,3,韩国开始免费提供卫生巾,published,260723,韩国推行全民免费卫生巾试点，7月20日起全国12地增设自动发放机至700台,已提取
260721,260701,2,儿子长期家暴家人被砍伤案,abort,,,
260721,260701,1,女子清吧被投放伟哥案,abort,,,
260720,260703,3,欧洲多国打击麻醉下性暴力,published,260723,美杜莎行动：欧洲9国联合执法打击迷奸犯罪网络，逮捕57人、158名受害者获安置,已提取
260720,260703,2,母亲躲藏致女儿死亡,abort,,,
260720,260703,1,运城强奸案警方失职,published,260723,"山西运城13岁女孩遭强奸，警方称""双方自愿""不予立案，网络曝光后改立案",已提取
260720,260704,2,丈夫刺死妻弟家暴案情披露,abort,,,
260720,260704,1,贵州拐卖残障女性案告破,staged,,,
260720,260707,2,反偷拍博主遭偷拍组织报复,abort,,,
260720,260707,1,单亲妈妈追讨20万抚养费获进展,staged,,,
260719,260706,5,多益创始人代孕虐童,published,260721,多益网络创始人徐波百余代孕子女曝光，前伴侣被判返还数亿元本金,已提取
260719,260706,4,男艺人偷拍女性案,abort,,,
260719,260706,3,陈露与霍尊恋爱风波,abort,,,
260719,260706,2,司晓迪爆料男艺人骚扰,abort,,,
260719,260706,1,陕西女子遭家暴身亡,abort,,,
260719,260705,2,华坪女高网络骚扰和造谣,published,260721,华坪女高网络骚扰和造谣,已提取
260719,260705,1,成都公卫间偷拍案,published,260721,成都公卫间偷拍案,已提取
260718,260709,4,内蒙古教师性骚扰及儿童保护问题曝光,abort,,,
260718,260709,3,男演员偷拍女性性骚扰案法院判决不公,abort,,,
260718,260709,2,"欧洲警方""美杜莎行动""打击跨国迷奸案",abort,,,
260718,260709,1,德国华人迷奸案邵之霆获刑五年,abort,,,
260718,260708,6,在韩中国籍男子性侵后逃逸被捕,published,260721,在韩中国籍男子性侵后逃逸被捕,已提取
260718,260708,5,中国籍男子德国迷奸案宣判,abort,,,
260718,260708,4,脱口秀演员抵制偷拍者，反被起诉侵犯名誉权并被强制执行2.5万元赔偿,published,260721,脱口秀演员抵制偷拍者，反被起诉侵犯名誉权并被强制执行2.5万元赔偿,已提取
260718,260708,3,在韩中国籍男子性侵后逃逸被捕,abort,,,
260718,260708,2,邵之霆性侵案一审判处5年,abort,,,
260718,260708,1,脱口秀演员唐香玉拒绝道歉遭强执,abort,,,
260718,260712,8,九国跨国联手打击性侵犯罪,abort,,,
260718,260712,7,男子杀害分手女友案将开庭,abort,,,
260718,260712,6,保洁员见义勇为救女学生遇害,abort,,,
260717,260716,12,未成年女孩反性骚扰维权案,abort,,,
260717,260716,11,14岁男生杀害15岁女同学案,abort,,,
260717,260716,10,33年失散拐卖案婴儿团圆,abort,,,
260717,260716,9,连环猥亵案犯被判8个月,published,260721,男子十几天猥亵20余人被判8个月,已提取
260717,260716,8,河北性骚扰后杀害妇女案,published,260721,河北男子诱骗留守妇女猥亵未遂后杀害藏尸,已提取
260717,260716,7,截瘫女子诉肇事男友案,published,260721,截瘫女子起诉肇事男友，维权期间遭网暴被迫终止治疗,已提取
260717,260716,6,多起男性杀害配偶与儿童案,abort,,,
260717,260716,5,山西吕梁法官猥亵当事人案,published,260721,山西吕梁法官猥亵离婚案当事人，行政立案后被免职并刑事侦查,已提取
260717,260716,4,德国英国华裔男性性侵连环案,abort,,,
260717,260713,4,邵之霆涉嫌参与多起集体性侵案,abort,,,
260717,260713,3,男子跟踪骚扰女性持刀威胁被判刑,abort,,,
260717,260712,5,70岁保洁员为救女学生英勇牺牲获表扬,abort,,,
260717,260712,4,张一洒杀害前女友案西安中院开庭,abort,,,
260717,260712,3,德国女记者卧底迷奸犯群组触发国际行动,abort,,,
260717,260711,4,性侵受害女儿自杀案,published,260721,女子幼年遭性侵，成年报警不予立案后自杀，母亲遭网暴,已提取
260717,260711,3,男子闯民宅性侵获刑,published,260719,男子意图性侵闯民宅获刑,已提取
260717,260711,2,华人强奸案一审宣判,published,260719,华人强奸案一审宣判,已提取
260717,260711,1,产科性别歧视现象,abort,,,
260717,260710,5,女性被前夫暴力致死案,abort,,,
260717,260710,4,妈妈被杀藏尸28年案一审开庭,abort,,,
260717,260710,3,内蒙古高中教师性骚扰学生案,abort,,,
260717,260710,2,德国华人迷奸案邵之霆等获刑,abort,,,
260717,260710,1,女性清吧被投放伟哥下药案,abort,,,
260716,260716,3,清吧投药案4个月未立案,published,260718,清吧投药案4个月未立案,已提取
260716,260716,2,男子酒后刺死妻子获刑无期,published,260718,男子酒后刺死妻子获刑无期,已提取
260716,260716,1,婚闹伴娘遭拉扯摔伤九级伤残,abort,,,
260716,260715,2,搬家公司诈骗独居女性,published,260718,搬家公司诈骗独居女性,已提取
260716,260715,1,伴娘婚闹致九级伤残,abort,,,
260716,260714,6,名创优品偷窥女性广告风波,published,260718,名创优品偷窥女性广告风波,已提取
260716,260714,5,伴娘遭婚闹致脊椎骨折伤残,published,260718,男宾婚闹致伴娘脊椎骨折伤残,已提取
260716,260714,4,BL作者互相举报性骚扰事件,abort,,,
260716,260714,3,晋江论坛举报女性无CP创作作品,abort,,,
260716,260714,2,上海教师猥亵13岁女生仅被拘5天,published,260718,上海教师猥亵13岁女生仅被拘5天,已提取
260716,260714,1,男子杀害前女友案一审待判,published,260718,男子杀害前女友案一审待判,已提取
260716,260713,2,邵之霆等轮奸犯罪嫌疑人漏罪分析,abort,,,
260716,260713,1,男子尾随持刀威胁女性获刑,published,260719,男子尾随持刀威胁女性获刑,已提取
260716,260712,2,张一洒杀害分手前女友案开庭,abort,,,
260716,260712,1,3600元育儿补贴引发夫妻矛盾,abort,,,
,260601,1,23岁女孩离世男友持欠条索30万,published,260601,23岁女孩离世男友持欠条索30万,已提取
,260601,2,上海政法学院偷拍事件嫌疑人沈某,published,260601,上海政法学院致远阁女厕偷拍：研二在读生沈某被行政拘留,已提取
,260601,3,炽灯燃《宇宙探索编辑部》剧本署名争议,published,260601,炽灯燃《宇宙探索编辑部》剧本署名争议,已提取
,260601,4,西安地铁大爷偷拍女乘客遭掌掴,published,260601,西安地铁大爷偷拍女乘客遭掌掴,已提取
,260601,5,小棉袄成恋童癖暗语儿童性剥削群组曝光,published,260601,小棉袄成恋童癖暗语儿童性剥削群组曝光,已提取
,260601,6,小学保安猥亵多名学生获刑5年4个月,published,260601,小学保安猥亵多名学生获刑5年4个月,已提取
,260531,1,南昌15岁男生公共场所从背后撞击女性,published,260601,南昌15岁男生公共场所从背后撞击女性,已提取
,260531,2,广西南宁施暴男友行拘期满5天杀害前女友,published,260601,广西南宁施暴男友行拘期满5天杀害前女友,已提取
,260531,3,天津伯苓高中男生偷拍女同学私密视频后校内传播,published,260601,天津伯苓高中男生偷拍女同学私密视频后校内传播,已提取
,260531,4,男子趁妻孕期走私购买迷药被北京四中院判刑8个月,abort,,,
,260531,5,重庆城口男子10天内3次杀害女友未遂被判4年,published,260601,重庆城口男子10天内3次杀害女友未遂被判4年,已提取
,260531,6,黄子佼持有逾2000部未成年人性影像免于服刑,published,260601,黄子佼持有逾2000部未成年人性影像免于服刑,已提取
,260529,1,武汉大学女教师开设女性主义课程遭贴吧举报煽风点火事件,abort,,,
,260529,2,"湖北黄石""先生孩子再领证""彩礼纠纷二审案",abort,,,
,260529,3,中国籍NUS博士生新加坡企图强奸室友被判刑案,published,260531,中国籍NUS博士生新加坡企图强奸室友被判刑案,已提取
,260529,4,山西订婚强奸案犯母亲直播带货事件,published,260531,山西订婚强奸案：席某平出狱后，其母抖音账号营利权限被暂停,已提取
,260528,1,,abort,,,
,260526,1,,published,260531,苗苗家暴致死案开庭,已提取
,260525,1,,abort,,,
,260524,1,反偷拍博主揭露偷拍黑产,published,260715,"反偷拍博主""追鼠记""揭露偷拍黑产链条",已提取
,260524,2,婚后拒同房男方欲追回72万婚姻支出,published,260531,福建宁德：婚后一年半未同房，男方索要72万离婚赔偿,已提取
,260522,1,,published,260531,成都网红店女厕偷拍视频被打包售卖，受害者遭网暴,已提取
,260522,2,,published,260531,"女子生活照被AI篡改成不雅图，报警遭遇""无能为力""",已提取
,260522,3,长沙男子偷拍淫秽视频发境外平台牟利案,published,260531,长沙男子偷拍视频发境外平台牟利案,已提取
,260521,1,上海网约车司机偷拍女乘客并群发事件,published,260531,上海：网约车司机偷拍女乘客并发至司机群,已提取
,260515,,,无事件,,,
,260514,1,福州采耳店老板在女员工宿舍装摄像头被拘案,published,260531,福州采耳店老板在女员工宿舍装摄像头被拘,已提取
,260513,1,华南理工大学男生偷拍女同学裙底事件,published,260531,华南理工大学男生偷拍女同学裙底事件,已提取
,260513,2,新乡学院男生隔窗盗取女生衣物事件,published,260531,新乡学院男生隔窗盗取女生衣物事件,已提取
,260513,3,男子168元兜售AI一键脱衣教程获刑案,published,260531,男子168元兜售AI一键脱衣教程获刑案,已提取
,260512,1,南京审计大学研究生顾某某偷拍被开除,published,260531,南京审计大学研究生顾某某偷拍被开除,已提取
,260511,1,陌生男子从背后踢倒女子案,published,260531,上海：陌生男子尾随女子入小区从背后踢倒，仅受行政拘留,已提取
,260510,,,无事件,,,
,260509,1,小棉袄内容投稿,abort,,,
,260509,2,王鹤棣沈月暴力纠纷,abort,,,
,260509,3,成都地铁偷拍女生案,abort,,,
,260509,4,孔大山与女编剧署名纠纷,abort,,,
,260509,5,集体强奸案与失忆问题,abort,,,
,260509,6,中国男留学生德国迷奸案,abort,,,
,260509,7,浙江男子购药迷奸被不起诉,abort,,,
,260509,8,杀妻骗保案,abort,,,
,260509,9,男子街头殴打女孩案,abort,,,
,260509,10,公职人员侮辱女子「慰安妇」,abort,,,
,260509,11,女记者曝光代孕窝点,abort,,,
,260509,12,男老师校园性骚扰事件,abort,,,
,260509,13,华人中介胡晓东强奸案,abort,,,
,260508,1,未成年人被性化内容,abort,,,
,260508,2,女教师打伞事件,abort,,,
,260508,3,王鹤棣沈月暴力事件,abort,,,
,260508,4,女性创作者遭网暴歧视,abort,,,
,260508,5,地铁偷拍女生案,abort,,,
,260508,6,姜萍被利用事件,abort,,,
,260508,7,女性被迷奸案件,abort,,,
,260508,8,德国迷奸案推动立法,abort,,,
,260508,9,男子购药迷奸被不起诉,abort,,,
,260508,10,杀妻骗保案,abort,,,
,260508,11,家暴和防卫司法案,abort,,,
,260508,12,直播主玩弄粉丝事件,abort,,,
,260508,13,女性工作场景就业歧视,abort,,,
,260508,14,公职人员辱骂女子案,abort,,,
,260508,15,女记者曝代孕窝点,abort,,,
,260508,16,被霸凌女性童年经历,abort,,,
,260508,17,网络煽动性别对立,abort,,,
,260508,18,男老师性骚扰学生,abort,,,
,260508,19,华人中介大规模性侵,abort,,,
,260508,20,中国男性海外性侵犯,abort,,,
,260507,1,抖音小棉袄内容性化未成年人,abort,,,
,260507,2,王鹤棣暴力对待女演员沈月,abort,,,
,260507,3,成都地铁男子偷拍女性裙底,abort,,,
,260507,4,数学女生姜萍被工具化利用,abort,,,
,260507,5,QQ群集体性侵案受害者失忆,abort,,,
,260507,6,中国男留学生德国迷奸案,abort,,,
,260507,7,男子购麻醉药欲迷奸被不起诉,abort,,,
,260507,8,丈夫长期策划杀害妻子骗保,abort,,,
,260507,9,男子街头无故殴打未成年女孩,abort,,,
,260507,10,女店员被指责做装卸工作遭网暴,abort,,,
,260507,11,"官员私信辱骂女子""慰安妇""",abort,,,
,260507,12,同人圈女性创作者遭网暴,abort,,,
,260507,13,女记者曝光代孕窝点被诬陷,published,260529,杭州临平非法代孕窝点曝光：女记者遭暴力拖拽腓骨骨折，患者花10万两次移植失败身体受损,已提取
,260507,14,小女孩被亲戚集体取侮辱外号,abort,,,
,260507,15,用户借煤矿事故煽动性别对立,abort,,,
,260507,16,澳大利亚华人多起性侵案,abort,,,
,260507,17,男老师在班级中性骚扰女学生,abort,,,
,260507,18,父母对女儿儿子双重标准,abort,,,
,260507,91,,abort,,,
,260506,1,女性遭造黄谣,abort,,,
,260506,2,订婚强奸案,abort,,,
,260506,3,已婚男骗女性,abort,,,
,260506,4,隔空猥亵女性,abort,,,
,260506,5,女乘客遭骚扰,abort,,,
,260506,6,家务补偿性别差,abort,,,
,260505,1,未成年被性化内容问题,abort,,,
,260505,2,女教师打伞事件舆论风波,abort,,,
,260505,3,王鹤棣对沈月暴力事件,abort,,,
,260505,4,女性创作者遭不公平待遇,abort,,,
,260505,5,成都地铁偷拍女生案,abort,,,
,260505,6,姜萍被数学老师利用,abort,,,
,260505,7,高检曝露女性被迷药性侵案,abort,,,
,260505,8,中国男留学生德国迷奸案,abort,,,
,260505,9,男子购药欲迷奸未遂案,abort,,,
,260505,10,杀妻骗保案,abort,,,
,260505,11,街头暴力和家暴干预困境,abort,,,
,260505,12,"公职人员辱骂女性为""慰安妇""案",published,260529,"公职人员辱骂女性为""慰安妇""案",已提取
,260505,13,女记者曝光代孕窝点被诬陷,abort,,,
,260505,14,女孩被亲戚集体辱骂,abort,,,
,260505,15,男老师课堂性骚扰学生,abort,,,
,260505,16,华人中介迷奸案重判,abort,,,
,260504,1,浏阳拐卖妇女案,abort,,,
,260504,2,极目新闻伦理问题,abort,,,
,260504,3,B站曝光女性生活照,abort,,,
,260504,4,未成年结婚争议,abort,,,
,260504,5,AI篡改女学生照,published,260529,女学生生活照遭AI篡改为色情图片，警方仅按肖像权纠纷调解,已提取
,260504,6,退分娩费案争议,published,260529,安徽宿松：未婚同居女子剖宫产后半月被男友起诉退彩礼、分摊分娩费，一审判决返还50%彩礼并失去抚养权,已提取
,260504,7,副校长厌女言论,published,260529,福建三明：初中部副校长拔河赛现场以性暴力威胁言论羞辱女学生,已提取
,260503,1,德国性侵群组案,published,260516,德国Telegram群组大规模迷奸案,已提取
,260503,2,国内迷药性侵案,abort,,,
,260503,3,民宿偷拍案,published,260529,合肥民宿针孔摄像头直播案：女大学生入住遭偷拍，举报博主随即遭人肉骚扰,已提取
,260503,4,生殖月经研究,abort,,,
,260502,1,德连环强奸案,abort,,,
,260502,2,霸王茶姬投毒案,published,260516,安徽砀山：男子疑似在女友奶茶中投毒,已提取
,260501,1,霸王茶姬投毒,abort,,,
,260501,2,家庭性侵案,abort,,,
,260501,3,女性安全事件,abort,,,
,260501,4,德连环强奸案,abort,,,
,260501,5,残疾母亲创业,abort,,,
,260428,1,14岁少年杀害女同学不适用死刑,published,260715,14岁少年杀害女同学不适用死刑,已提取
,260427,1,虐猫者被举报后人肉开盒举报者并造谣卖淫,published,260715,虐猫者被举报后人肉开盒举报者并造谣卖淫,已提取
,260427,2,深圳公交站台吸烟男子被罚款,published,260715,深圳女子劝阻公交站台吸烟报警后被警方强制全身脱衣检查，官方通报称符合执法规范,已提取
,260424,1,3男子深夜骚扰女摩托车车主被拘留,published,260715,3男子深夜骚扰女摩托车车主被拘留,已提取
,260424,2,男子杀妻后装行李箱抛尸被判无期,published,260715,男子杀妻后装行李箱抛尸被判无期,已提取
,260423,1,保安辱骂女子后故意关车门夹女子腿,abort,,,
,260423,2,4男子下过量合成毒品致15岁女童死亡,published,260715,4男子下过量合成毒品致15岁女童死亡,已提取
,260421,1,女子虐死男友3岁儿子被判死缓,abort,,,
,260418,1,女子产后被男友起诉退彩礼和分娩费,published,260715,女子产后被男友起诉退彩礼和分娩费,已提取
,260417,1,醉酒男10分钟搭讪女子3次被扇飞眼镜,published,260715,醉酒男10分钟搭讪女子3次被扇飞眼镜,已提取
,260416,1,54岁班主任猥亵女学生被开除,published,260715,河南光山班主任猥亵15岁女生仅行拘10天，家属维权后被刑拘开除,已提取
,260416,2,肺癌成中国女性第一大癌症,published,260715,肺癌成中国女性第一大癌症,已提取
,260326,1,霞浦民警性侵未成年,abort,,,
,260326,2,梅姨案买家责任,abort,,,
,260326,3,成都地铁偷拍事件,abort,,,
,260326,4,铁路卧铺卫生巾争议,abort,,,
,260326,5,迪士尼卫生巾价格,abort,,,
,260326,6,晋江作品下架争议,abort,,,
,260326,7,河南母亲被嫁案,published,260509,河南鲁山：亡母被伪造身份嫁舅舅，揭起遗产争议,已提取
,260326,8,举报男艺人田栩宁,abort,,,
,260326,9,厌女言论讨论,abort,,,
,260326,10,金融圈性骚扰事件,published,260529,信达证券研究所所长出差途中猥亵女下属，被保安制住后遭刑拘,已提取
,260325,1,兰州铁路女性旅客生理期事件引发争议,abort,,,
,260325,2,珠海三甲医院伪造女大学生脑脊液检测报告案,abort,,,
,260325,3,福建宁德警察强制猥亵未成年女孩案量刑争议,published,260715,警察派出所内强制猥亵15岁女孩，一审仅判2年9个月，父亲申请抗诉,已提取
,260323,,,无事件,,,
,260322,,,无事件,,,
,260321,1,,published,260325,女子月经弄脏火车卧铺被索赔180元，铁路通报与当事人证据相互矛盾,已提取
